<?xml version='1.0' encoding='UTF-8'?>
<!-- Copyright 2019 Black Foundry.

This file is part of Robo-CJK.

Robo-CJK is free software: you can redistribute it and/or modify
it under the terms of the GNU General Public License as published by
the Free Software Foundation, either version 3 of the License, or
(at your option) any later version.

Robo-CJK is distributed in the hope that it will be useful,
but WITHOUT ANY WARRANTY; without even the implied warranty of
MERCHANTABILITY or FITNESS FOR A PARTICULAR PURPOSE.  See the
GNU General Public License for more details.

You should have received a copy of the GNU General Public License
along with Robo-CJK.  If not, see <https://www.gnu.org/licenses/>.
 -->
<glyph name="roboCJK.Icon" format="2">
  <advance width="1000"/>
  <unicode hex="0042"/>
  <outline>
    <contour>
      <point x="285" y="125" type="line"/>
      <point x="714" y="125" type="line"/>
      <point x="714" y="440" type="line"/>
      <point x="285" y="440" type="line"/>
    </contour>
    <contour>
      <point x="714" y="468" type="line"/>
      <point x="714" y="613"/>
      <point x="617" y="683"/>
      <point x="500" y="683" type="curve" smooth="yes"/>
      <point x="381" y="683"/>
      <point x="285" y="613"/>
      <point x="285" y="468" type="curve"/>
    </contour>
    <contour>
      <point x="430" y="527" type="curve" smooth="yes"/>
      <point x="410" y="527"/>
      <point x="394" y="542"/>
      <point x="394" y="563" type="curve" smooth="yes"/>
      <point x="394" y="585"/>
      <point x="410" y="599"/>
      <point x="430" y="599" type="curve" smooth="yes"/>
      <point x="449" y="599"/>
      <point x="465" y="585"/>
      <point x="465" y="563" type="curve" smooth="yes"/>
      <point x="465" y="542"/>
      <point x="449" y="527"/>
    </contour>
    <contour>
      <point x="570" y="527" type="curve" smooth="yes"/>
      <point x="550" y="527"/>
      <point x="534" y="542"/>
      <point x="534" y="563" type="curve" smooth="yes"/>
      <point x="534" y="585"/>
      <point x="550" y="599"/>
      <point x="570" y="599" type="curve" smooth="yes"/>
      <point x="589" y="599"/>
      <point x="605" y="585"/>
      <point x="605" y="563" type="curve" smooth="yes"/>
      <point x="605" y="542"/>
      <point x="589" y="527"/>
    </contour>
    <contour>
      <point x="358" y="682" type="curve" smooth="yes"/>
      <point x="337" y="682"/>
      <point x="320" y="698"/>
      <point x="320" y="720" type="curve" smooth="yes"/>
      <point x="320" y="743"/>
      <point x="337" y="758"/>
      <point x="358" y="758" type="curve" smooth="yes"/>
      <point x="378" y="758"/>
      <point x="395" y="743"/>
      <point x="395" y="720" type="curve" smooth="yes"/>
      <point x="395" y="698"/>
      <point x="378" y="682"/>
    </contour>
    <contour>
      <point x="642" y="682" type="curve" smooth="yes"/>
      <point x="621" y="682"/>
      <point x="604" y="698"/>
      <point x="604" y="720" type="curve" smooth="yes"/>
      <point x="604" y="743"/>
      <point x="621" y="758"/>
      <point x="642" y="758" type="curve" smooth="yes"/>
      <point x="662" y="758"/>
      <point x="679" y="743"/>
      <point x="679" y="720" type="curve" smooth="yes"/>
      <point x="679" y="698"/>
      <point x="662" y="682"/>
    </contour>
    <contour>
      <point x="255" y="382" type="line"/>
      <point x="188" y="382"/>
      <point x="155" y="337"/>
      <point x="155" y="283" type="curve" smooth="yes"/>
      <point x="155" y="228"/>
      <point x="188" y="183"/>
      <point x="255" y="183" type="curve"/>
    </contour>
    <contour>
      <point x="744" y="183" type="line"/>
      <point x="811" y="183"/>
      <point x="844" y="228"/>
      <point x="844" y="282" type="curve" smooth="yes"/>
      <point x="844" y="337"/>
      <point x="811" y="382"/>
      <point x="744" y="382" type="curve"/>
    </contour>
    <contour>
      <point x="484" y="0" type="line"/>
      <point x="484" y="67"/>
      <point x="439" y="100"/>
      <point x="385" y="100" type="curve" smooth="yes"/>
      <point x="330" y="100"/>
      <point x="285" y="67"/>
      <point x="285" y="0" type="curve"/>
    </contour>
    <contour>
      <point x="714" y="0" type="line"/>
      <point x="714" y="67"/>
      <point x="669" y="100"/>
      <point x="615" y="100" type="curve" smooth="yes"/>
      <point x="560" y="100"/>
      <point x="515" y="67"/>
      <point x="515" y="0" type="curve"/>
    </contour>
    <contour>
      <point x="327" y="283" type="curve" smooth="yes"/>
      <point x="327" y="361"/>
      <point x="345" y="391"/>
      <point x="384" y="391" type="curve" smooth="yes"/>
      <point x="400.0" y="391.0"/>
      
      <point x="414" y="386"/>
      <point x="424" y="378" type="curve"/>
      <point x="424" y="339" type="line"/>
      <point x="416" y="345"/>
      <point x="404" y="351"/>
      <point x="394" y="351" type="curve" smooth="yes"/>
      <point x="372" y="351"/>
      <point x="369" y="321"/>
      <point x="369" y="283" type="curve" smooth="yes"/>
      <point x="369" y="245"/>
      <point x="372" y="215"/>
      <point x="394" y="215" type="curve" smooth="yes"/>
      <point x="404" y="215"/>
      <point x="416" y="219"/>
      <point x="424" y="227" type="curve"/>
      <point x="424" y="186" type="line"/>
      <point x="414" y="178"/>
      <point x="400.0" y="175.0"/>
      
      <point x="384" y="175" type="curve" smooth="yes"/>
      <point x="345" y="175"/>
      <point x="327" y="203"/>
    </contour>
    <contour>
      <point x="533" y="243" type="line"/>
      <point x="533.0" y="193.0"/>
      
      <point x="518.0" y="175.0"/>
      
      <point x="484" y="175" type="curve" smooth="yes"/>
      <point x="468.0" y="175.0"/>
      
      <point x="454" y="178"/>
      <point x="444" y="186" type="curve"/>
      <point x="444" y="227" type="line"/>
      <point x="452" y="219"/>
      <point x="464" y="215"/>
      <point x="474" y="215" type="curve" smooth="yes"/>
      <point x="492.0" y="215.0"/>
      
      <point x="494.0" y="227.0"/>
      
      <point x="494" y="243" type="curve"/>
      <point x="494" y="348" type="line"/>
      <point x="448.0" y="348.0" type="line"/>
      
      <point x="448.0" y="386.0" type="line"/>
      
      <point x="533" y="386" type="line"/>
    </contour>
    <contour>
      <point x="558.0" y="180.0" type="line"/>
      
      <point x="558.0" y="386.0" type="line"/>
      
      <point x="597" y="386" type="line"/>
      <point x="597.0" y="180.0" type="line"/>
      
    </contour>
    <contour>
      <point x="628" y="180" type="line"/>
      <point x="604" y="283" type="line"/>
      <point x="628" y="386" type="line"/>
      <point x="670" y="386" type="line"/>
      <point x="644" y="287" type="line"/>
      <point x="672" y="180" type="line"/>
    </contour>
  </outline>
</glyph>
